operation,operand1,operand2,result,timestamp
Addition,4,6,10,2026-02-23T01:05:12.444226
Addition,2,3,5,2026-02-23T01:11:31.098711
Addition,2,3,5,2026-02-23T01:22:13.724557
Addition,2,3,5,2026-02-23T01:22:32.602439
Addition,2,3,5,2026-02-23T01:23:02.818479
Addition,2,3,5,2026-02-23T01:23:42.110618
Addition,2,3,5,2026-02-23T01:23:56.002264
Addition,2,3,5,2026-02-23T01:25:28.188046
Addition,2,3,5,2026-02-23T01:27:57.528545
Addition,2,3,5,2026-02-23T01:32:31.961483
Addition,2,3,5,2026-02-23T01:32:54.037174
Addition,2,3,5,2026-02-23T01:33:50.822840
Addition,2,3,5,2026-02-23T01:34:10.151330
Addition,2,3,5,2026-02-23T01:37:32.013961
Addition,2,3,5,2026-02-23T01:38:32.423019
Addition,2,3,5,2026-02-23T01:41:40.652662
Addition,2,3,5,2026-02-23T01:42:10.466086
Addition,2,3,5,2026-02-23T01:42:31.067438
Addition,2,3,5,2026-02-23T01:42:36.869876
Addition,2,3,5,2026-02-23T01:42:43.870937
Addition,2,3,5,2026-02-23T01:43:18.055830
Addition,2,3,5,2026-02-23T01:46:28.350742
Addition,2,3,5,2026-02-23T01:47:08.437808
Addition,2,3,5,2026-02-23T01:48:01.235763
Addition,2,3,5,2026-02-23T01:48:32.031472
Addition,2,3,5,2026-02-23T01:51:34.472870
Addition,2,3,5,2026-02-23T01:52:07.005580
Addition,2,3,5,2026-02-23T01:52:15.882017
Addition,2,3,5,2026-02-23T01:53:36.496823
Addition,2,3,5,2026-02-23T01:54:29.127892
Addition,2,3,5,2026-02-23T01:55:12.238194
Addition,2,3,5,2026-02-23T01:56:54.443610
Addition,2,3,5,2026-02-23T01:59:08.814146
Addition,2,3,5,2026-02-23T01:59:29.779804
Addition,2,3,5,2026-02-23T02:04:39.407988
Addition,2,3,5,2026-02-23T02:05:12.671120
